{"cameraMode":{"drawMode":0,"name":"Shaded","section":"Shading Mode"},"sceneLighting":false,"audioPlay":false,"sceneViewState":{"showFog":true,"showMaterialUpdate":false,"showSkybox":true,"showFlares":true,"showImageEffects":true,"showParticleSystems":true},"in2DMode":false,"pivot":{"x":-0.893128514289856,"y":7.3095221519470219,"z":-1.826573133468628},"rotation":{"x":0.011241454631090165,"y":0.9878283739089966,"z":-0.13145148754119874,"w":0.083136186003685},"size":0.7466371059417725,"orthographic":false}