{"cameraMode":{"drawMode":0,"name":"Shaded","section":"Shading Mode"},"sceneLighting":false,"audioPlay":false,"sceneViewState":{"showFog":true,"showMaterialUpdate":false,"showSkybox":true,"showFlares":true,"showImageEffects":true,"showParticleSystems":true},"in2DMode":false,"pivot":{"x":1.193115472793579,"y":5.557412624359131,"z":-9.225202560424805},"rotation":{"x":0.025874989107251169,"y":0.9736233353614807,"z":-0.17896097898483277,"w":0.13963474333286286},"size":6.69359016418457,"orthographic":false}